	A101D_SKIN	A172_CENTRAL_NERVOUS_SYSTEM	A204_SOFT_TISSUE	A2058_SKIN	A2780_OVARY	A375_SKIN	A498_KIDNEY	A549_LUNG	A673_BONE	A704_KIDNEY	ABC1_LUNG	ACCMESO1_PLEURA	ACHN_KIDNEY	AGS_STOMACH	AM38_CENTRAL_NERVOUS_SYSTEM	AN3CA_ENDOMETRIUM	ASPC1_PANCREAS	AU565_BREAST	BC3C_URINARY_TRACT	BCPAP_THYROID	BEN_LUNG	BFTC905_URINARY_TRACT	BFTC909_KIDNEY	BHT101_THYROID	BHY_UPPER_AERODIGESTIVE_TRACT	BICR16_UPPER_AERODIGESTIVE_TRACT	BICR18_UPPER_AERODIGESTIVE_TRACT	BICR22_UPPER_AERODIGESTIVE_TRACT	BICR31_UPPER_AERODIGESTIVE_TRACT	BICR56_UPPER_AERODIGESTIVE_TRACT	BICR6_UPPER_AERODIGESTIVE_TRACT	BT20_BREAST	BT474_BREAST	BT483_BREAST	BT549_BREAST	BXPC3_PANCREAS	C2BBE1_LARGE_INTESTINE	C32_SKIN	CADOES1_BONE	CAKI1_KIDNEY	CAKI2_KIDNEY	CAL120_BREAST	CAL12T_LUNG	CAL148_BREAST	CAL27_UPPER_AERODIGESTIVE_TRACT	CAL29_URINARY_TRACT	CAL33_UPPER_AERODIGESTIVE_TRACT	CAL51_BREAST	CAL54_KIDNEY	CAL62_THYROID	CAL78_BONE	CAL851_BREAST	CALU1_LUNG	CALU3_LUNG	CALU6_LUNG	CAMA1_BREAST	CAOV3_OVARY	CAOV4_OVARY	CAPAN1_PANCREAS	CAPAN2_PANCREAS	CAS1_CENTRAL_NERVOUS_SYSTEM	CCFSTTG1_CENTRAL_NERVOUS_SYSTEM	CCK81_LARGE_INTESTINE	CFPAC1_PANCREAS	CHAGOK1_LUNG	CHP126_AUTONOMIC_GANGLIA	CHP212_AUTONOMIC_GANGLIA	CJM_SKIN	CL11_LARGE_INTESTINE	CL14_LARGE_INTESTINE	CL34_LARGE_INTESTINE	CL40_LARGE_INTESTINE	COLO201_LARGE_INTESTINE	COLO320_LARGE_INTESTINE	COLO668_LUNG	COLO678_LARGE_INTESTINE	COLO679_SKIN	COLO680N_OESOPHAGUS	COLO684_ENDOMETRIUM	COLO741_SKIN	COLO783_SKIN	COLO792_SKIN	COLO800_SKIN	COLO829_SKIN	CORL105_LUNG	CORL23_LUNG	CORL24_LUNG	CORL279_LUNG	CORL311_LUNG	CORL47_LUNG	CORL88_LUNG	CORL95_LUNG	COV318_OVARY	COV362_OVARY	COV434_OVARY	COV644_OVARY	CW2_LARGE_INTESTINE	D283MED_CENTRAL_NERVOUS_SYSTEM	D341MED_CENTRAL_NERVOUS_SYSTEM	DANG_PANCREAS	DAOY_CENTRAL_NERVOUS_SYSTEM	DBTRG05MG_CENTRAL_NERVOUS_SYSTEM	DETROIT562_UPPER_AERODIGESTIVE_TRACT	DKMG_CENTRAL_NERVOUS_SYSTEM	DM3_PLEURA	DMS114_LUNG	DMS153_LUNG	DMS273_LUNG	DMS454_LUNG	DMS53_LUNG	DMS79_LUNG	DU145_PROSTATE	DU4475_BREAST	DV90_LUNG	EBC1_LUNG	ECC10_STOMACH	ECC12_STOMACH	ECGI10_OESOPHAGUS	EFE184_ENDOMETRIUM	EFM192A_BREAST	EFM19_BREAST	EFO21_OVARY	EFO27_OVARY	EKVX_LUNG	EN_ENDOMETRIUM	EPLC272H_LUNG	ES2_OVARY	ESS1_ENDOMETRIUM	FADU_UPPER_AERODIGESTIVE_TRACT	FTC133_THYROID	FTC238_THYROID	FU97_STOMACH	FUOV1_OVARY	G292CLONEA141B1_BONE	G361_SKIN	G401_SOFT_TISSUE	G402_SOFT_TISSUE	GAMG_CENTRAL_NERVOUS_SYSTEM	GB1_CENTRAL_NERVOUS_SYSTEM	GCIY_STOMACH	GCT_SOFT_TISSUE	GI1_CENTRAL_NERVOUS_SYSTEM	GMS10_CENTRAL_NERVOUS_SYSTEM	GOS3_CENTRAL_NERVOUS_SYSTEM	GP2D_LARGE_INTESTINE	GSS_STOMACH	GSU_STOMACH	H4_CENTRAL_NERVOUS_SYSTEM	HARA_LUNG	HCC1143_BREAST	HCC1171_LUNG	HCC1187_BREAST	HCC1195_LUNG	HCC1359_LUNG	HCC1395_BREAST	HCC1419_BREAST	HCC1428_BREAST	HCC1438_LUNG	HCC1500_BREAST	HCC1569_BREAST	HCC1588_LUNG	HCC1599_BREAST	HCC15_LUNG	HCC1806_BREAST	HCC1833_LUNG	HCC1937_BREAST	HCC1954_BREAST	HCC202_BREAST	HCC2108_LUNG	HCC2157_BREAST	HCC2218_BREAST	HCC2279_LUNG	HCC2935_LUNG	HCC33_LUNG	HCC366_LUNG	HCC38_BREAST	HCC4006_LUNG	HCC44_LUNG	HCC56_LARGE_INTESTINE	HCC70_BREAST	HCC78_LUNG	HCC827_LUNG	HCC95_LUNG	HCT116_LARGE_INTESTINE	HCT15_LARGE_INTESTINE	HDQP1_BREAST	HEC108_ENDOMETRIUM	HEC151_ENDOMETRIUM	HEC1A_ENDOMETRIUM	HEC1B_ENDOMETRIUM	HEC251_ENDOMETRIUM	HEC265_ENDOMETRIUM	HEC50B_ENDOMETRIUM	HEC59_ENDOMETRIUM	HEC6_ENDOMETRIUM	HEP3B217_LIVER	HEPG2_LIVER	HEYA8_OVARY	HGC27_STOMACH	HLFA_LUNG	HLF_LIVER	HMC18_BREAST	HMCB_SKIN	HOP62_LUNG	HOP92_LUNG	HOS_BONE	HPAC_PANCREAS	HPAFII_PANCREAS	HS172T_URINARY_TRACT	HS229T_LUNG	HS255T_LARGE_INTESTINE	HS281T_BREAST	HS294T_SKIN	HS343T_BREAST	HS578T_BREAST	HS600T_SKIN	HS606T_BREAST	HS618T_LUNG	HS675T_LARGE_INTESTINE	HS683_CENTRAL_NERVOUS_SYSTEM	HS688AT_SKIN	HS695T_SKIN	HS698T_LARGE_INTESTINE	HS706T_BONE	HS729_SOFT_TISSUE	HS737T_BONE	HS739T_BREAST	HS742T_BREAST	HS746T_STOMACH	HS766T_PANCREAS	HS819T_BONE	HS821T_BONE	HS822T_BONE	HS834T_SKIN	HS839T_SKIN	HS840T_UPPER_AERODIGESTIVE_TRACT	HS852T_SKIN	HS863T_BONE	HS870T_BONE	HS888T_BONE	HS895T_SKIN	HS934T_SKIN	HS936T_SKIN	HS939T_SKIN	HS940T_SKIN	HS944T_SKIN	HSC2_UPPER_AERODIGESTIVE_TRACT	HSC3_UPPER_AERODIGESTIVE_TRACT	HSC4_UPPER_AERODIGESTIVE_TRACT	HT1080_SOFT_TISSUE	HT115_LARGE_INTESTINE	HT1197_URINARY_TRACT	HT1376_URINARY_TRACT	HT144_SKIN	HT29_LARGE_INTESTINE	HT55_LARGE_INTESTINE	HUCCT1_BILIARY_TRACT	HUG1N_STOMACH	HUH1_LIVER	HUH6_LIVER	HUH7_LIVER	HUPT3_PANCREAS	HUPT4_PANCREAS	IALM_LUNG	IGR1_SKIN	IGR37_SKIN	IGROV1_OVARY	IM95_STOMACH	IMR32_AUTONOMIC_GANGLIA	IPC298_SKIN	ISHIKAWAHERAKLIO02ER_ENDOMETRIUM	ISTMES1_PLEURA	ISTMES2_PLEURA	J82_URINARY_TRACT	JHH1_LIVER	JHH2_LIVER	JHH4_LIVER	JHH5_LIVER	JHH6_LIVER	JHH7_LIVER	JHOC5_OVARY	JHOM1_OVARY	JHOM2B_OVARY	JHOS2_OVARY	JHOS4_OVARY	JHUEM1_ENDOMETRIUM	JHUEM2_ENDOMETRIUM	JHUEM3_ENDOMETRIUM	JHUEM7_ENDOMETRIUM	JIMT1_BREAST	JL1_PLEURA	JMSU1_URINARY_TRACT	K029AX_SKIN	KALS1_CENTRAL_NERVOUS_SYSTEM	KATOIII_STOMACH	KE39_STOMACH	KELLY_AUTONOMIC_GANGLIA	KG1C_CENTRAL_NERVOUS_SYSTEM	KLE_ENDOMETRIUM	KM12_LARGE_INTESTINE	KMBC2_URINARY_TRACT	KMRC1_KIDNEY	KMRC20_KIDNEY	KMRC2_KIDNEY	KMRC3_KIDNEY	KNS42_CENTRAL_NERVOUS_SYSTEM	KNS60_CENTRAL_NERVOUS_SYSTEM	KNS62_LUNG	KNS81_CENTRAL_NERVOUS_SYSTEM	KP2_PANCREAS	KP3_PANCREAS	KP4_PANCREAS	KPL1_BREAST	KPNRTBM1_AUTONOMIC_GANGLIA	KPNSI9S_AUTONOMIC_GANGLIA	KPNYN_AUTONOMIC_GANGLIA	KS1_CENTRAL_NERVOUS_SYSTEM	KU1919_URINARY_TRACT	KURAMOCHI_OVARY	KYM1_SOFT_TISSUE	KYSE140_OESOPHAGUS	KYSE150_OESOPHAGUS	KYSE180_OESOPHAGUS	KYSE270_OESOPHAGUS	KYSE30_OESOPHAGUS	KYSE410_OESOPHAGUS	KYSE450_OESOPHAGUS	KYSE510_OESOPHAGUS	KYSE520_OESOPHAGUS	KYSE70_OESOPHAGUS	L33_PANCREAS	LC1F_LUNG	LCLC103H_LUNG	LCLC97TM1_LUNG	LI7_LIVER	LK2_LUNG	LMSU_STOMACH	LN18_CENTRAL_NERVOUS_SYSTEM	LN229_CENTRAL_NERVOUS_SYSTEM	LNCAPCLONEFGC_PROSTATE	LOUNH91_LUNG	LOVO_LARGE_INTESTINE	LOXIMVI_SKIN	LS1034_LARGE_INTESTINE	LS123_LARGE_INTESTINE	LS180_LARGE_INTESTINE	LS411N_LARGE_INTESTINE	LS513_LARGE_INTESTINE	LU65_LUNG	LU99_LUNG	LUDLU1_LUNG	LXF289_LUNG	M059K_CENTRAL_NERVOUS_SYSTEM	MALME3M_SKIN	MCAS_OVARY	MCF7_BREAST	MDAMB134VI_BREAST	MDAMB157_BREAST	MDAMB175VII_BREAST	MDAMB231_BREAST	MDAMB361_BREAST	MDAMB415_BREAST	MDAMB435S_SKIN	MDAMB436_BREAST	MDAMB453_BREAST	MDAMB468_BREAST	MDAPCA2B_PROSTATE	MDST8_LARGE_INTESTINE	MELHO_SKIN	MELJUSO_SKIN	MESSA_SOFT_TISSUE	MEWO_SKIN	MFE280_ENDOMETRIUM	MFE296_ENDOMETRIUM	MFE319_ENDOMETRIUM	MG63_BONE	MHHES1_BONE	MHHNB11_AUTONOMIC_GANGLIA	MIAPACA2_PANCREAS	MKN1_STOMACH	MKN45_STOMACH	MKN74_STOMACH	MKN7_STOMACH	ML1_THYROID	MORCPR_LUNG	MPP89_PLEURA	MSTO211H_PLEURA	NB1_AUTONOMIC_GANGLIA	NCCSTCK140_STOMACH	NCIH1048_LUNG	NCIH1092_LUNG	NCIH1105_LUNG	NCIH1155_LUNG	NCIH1184_LUNG	NCIH1299_LUNG	NCIH1339_LUNG	NCIH1341_LUNG	NCIH1355_LUNG	NCIH1385_LUNG	NCIH1395_LUNG	NCIH1435_LUNG	NCIH1436_LUNG	NCIH1437_LUNG	NCIH146_LUNG	NCIH1563_LUNG	NCIH1568_LUNG	NCIH1573_LUNG	NCIH1581_LUNG	NCIH1618_LUNG	NCIH1623_LUNG	NCIH1648_LUNG	NCIH1650_LUNG	NCIH1651_LUNG	NCIH1666_LUNG	NCIH1693_LUNG	NCIH1694_LUNG	NCIH1703_LUNG	NCIH1734_LUNG	NCIH1755_LUNG	NCIH1781_LUNG	NCIH1792_LUNG	NCIH1793_LUNG	NCIH1838_LUNG	NCIH1869_LUNG	NCIH1876_LUNG	NCIH1915_LUNG	NCIH1930_LUNG	NCIH1944_LUNG	NCIH1963_LUNG	NCIH196_LUNG	NCIH1975_LUNG	NCIH2009_LUNG	NCIH2023_LUNG	NCIH2029_LUNG	NCIH2030_LUNG	NCIH2052_PLEURA	NCIH2066_LUNG	NCIH2073_LUNG	NCIH2081_LUNG	NCIH2085_LUNG	NCIH2087_LUNG	NCIH209_LUNG	NCIH2106_LUNG	NCIH2110_LUNG	NCIH211_LUNG	NCIH2122_LUNG	NCIH2126_LUNG	NCIH2170_LUNG	NCIH2171_LUNG	NCIH2172_LUNG	NCIH2196_LUNG	NCIH2227_LUNG	NCIH2228_LUNG	NCIH226_LUNG	NCIH2286_LUNG	NCIH2291_LUNG	NCIH2342_LUNG	NCIH2347_LUNG	NCIH23_LUNG	NCIH2405_LUNG	NCIH2444_LUNG	NCIH2452_PLEURA	NCIH28_PLEURA	NCIH292_LUNG	NCIH322_LUNG	NCIH3255_LUNG	NCIH358_LUNG	NCIH441_LUNG	NCIH446_LUNG	NCIH460_LUNG	NCIH508_LARGE_INTESTINE	NCIH510_LUNG	NCIH520_LUNG	NCIH522_LUNG	NCIH524_LUNG	NCIH526_LUNG	NCIH596_LUNG	NCIH647_LUNG	NCIH650_LUNG	NCIH660_PROSTATE	NCIH661_LUNG	NCIH684_LIVER	NCIH69_LUNG	NCIH716_LARGE_INTESTINE	NCIH727_LUNG	NCIH747_LARGE_INTESTINE	NCIH810_LUNG	NCIH82_LUNG	NCIH838_LUNG	NCIH841_LUNG	NCIH854_LUNG	NCIH889_LUNG	NCIN87_STOMACH	NH6_AUTONOMIC_GANGLIA	NIHOVCAR3_OVARY	NMCG1_CENTRAL_NERVOUS_SYSTEM	NUGC2_STOMACH	NUGC3_STOMACH	NUGC4_STOMACH	OAW28_OVARY	OAW42_OVARY	OC314_OVARY	OCUM1_STOMACH	OE19_OESOPHAGUS	OE21_OESOPHAGUS	OE33_OESOPHAGUS	ONCODG1_OVARY	ONS76_CENTRAL_NERVOUS_SYSTEM	OSRC2_KIDNEY	OUMS23_LARGE_INTESTINE	OV56_OVARY	OV7_OVARY	OV90_OVARY	OVCAR4_OVARY	OVCAR8_OVARY	OVISE_OVARY	OVK18_OVARY	OVMANA_OVARY	OVSAHO_OVARY	OVTOKO_OVARY	PANC0203_PANCREAS	PANC0213_PANCREAS	PANC0327_PANCREAS	PANC0403_PANCREAS	PANC0504_PANCREAS	PANC0813_PANCREAS	PANC1005_PANCREAS	PANC1_PANCREAS	PATU8902_PANCREAS	PATU8988S_PANCREAS	PATU8988T_PANCREAS	PC14_LUNG	PC3_PROSTATE	PECAPJ15_UPPER_AERODIGESTIVE_TRACT	PECAPJ34CLONEC12_UPPER_AERODIGESTIVE_TRACT	PECAPJ41CLONED2_UPPER_AERODIGESTIVE_TRACT	PECAPJ49_UPPER_AERODIGESTIVE_TRACT	PK1_PANCREAS	PK45H_PANCREAS	PK59_PANCREAS	PLCPRF5_LIVER	PSN1_PANCREAS	QGP1_PANCREAS	RCC10RGB_KIDNEY	RCM1_LARGE_INTESTINE	RDES_BONE	RD_SOFT_TISSUE	RERFGC1B_STOMACH	RERFLCAD1_LUNG	RERFLCAD2_LUNG	RERFLCAI_LUNG	RERFLCKJ_LUNG	RERFLCMS_LUNG	RERFLCSQ1_LUNG	RH18_SOFT_TISSUE	RH30_SOFT_TISSUE	RH41_SOFT_TISSUE	RKN_SOFT_TISSUE	RKO_LARGE_INTESTINE	RL952_ENDOMETRIUM	RMGI_OVARY	RMUGS_OVARY	RPMI7951_SKIN	RS5_PLEURA	RT112_URINARY_TRACT	RT4_URINARY_TRACT	S117_SOFT_TISSUE	SAOS2_BONE	SBC5_LUNG	SCABER_URINARY_TRACT	SCC15_UPPER_AERODIGESTIVE_TRACT	SCC25_UPPER_AERODIGESTIVE_TRACT	SCC4_UPPER_AERODIGESTIVE_TRACT	SCC9_UPPER_AERODIGESTIVE_TRACT	SCLC21H_LUNG	SF126_CENTRAL_NERVOUS_SYSTEM	SF268_CENTRAL_NERVOUS_SYSTEM	SF295_CENTRAL_NERVOUS_SYSTEM	SF539_CENTRAL_NERVOUS_SYSTEM	SH10TC_STOMACH	SH4_SKIN	SHP77_LUNG	SIMA_AUTONOMIC_GANGLIA	SJSA1_BONE	SKBR3_BREAST	SKCO1_LARGE_INTESTINE	SKES1_BONE	SKHEP1_LIVER	SKLMS1_SOFT_TISSUE	SKMEL1_SKIN	SKMEL24_SKIN	SKMEL28_SKIN	SKMEL30_SKIN	SKMEL31_SKIN	SKMEL3_SKIN	SKMEL5_SKIN	SKMES1_LUNG	SKNAS_AUTONOMIC_GANGLIA	SKNBE2_AUTONOMIC_GANGLIA	SKNDZ_AUTONOMIC_GANGLIA	SKNFI_AUTONOMIC_GANGLIA	SKNMC_BONE	SKOV3_OVARY	SKUT1_SOFT_TISSUE	SNB75_CENTRAL_NERVOUS_SYSTEM	SNGM_ENDOMETRIUM	SNU1033_LARGE_INTESTINE	SNU1040_LARGE_INTESTINE	SNU1041_UPPER_AERODIGESTIVE_TRACT	SNU1066_UPPER_AERODIGESTIVE_TRACT	SNU1076_UPPER_AERODIGESTIVE_TRACT	SNU1077_ENDOMETRIUM	SNU1079_BILIARY_TRACT	SNU1105_CENTRAL_NERVOUS_SYSTEM	SNU1196_BILIARY_TRACT	SNU1197_LARGE_INTESTINE	SNU119_OVARY	SNU1214_UPPER_AERODIGESTIVE_TRACT	SNU1272_KIDNEY	SNU16_STOMACH	SNU175_LARGE_INTESTINE	SNU182_LIVER	SNU1_STOMACH	SNU201_CENTRAL_NERVOUS_SYSTEM	SNU213_PANCREAS	SNU216_STOMACH	SNU245_BILIARY_TRACT	SNU308_BILIARY_TRACT	SNU324_PANCREAS	SNU349_KIDNEY	SNU387_LIVER	SNU398_LIVER	SNU407_LARGE_INTESTINE	SNU410_PANCREAS	SNU423_LIVER	SNU449_LIVER	SNU466_CENTRAL_NERVOUS_SYSTEM	SNU475_LIVER	SNU478_BILIARY_TRACT	SNU489_CENTRAL_NERVOUS_SYSTEM	SNU503_LARGE_INTESTINE	SNU520_STOMACH	SNU5_STOMACH	SNU601_STOMACH	SNU61_LARGE_INTESTINE	SNU620_STOMACH	SNU626_CENTRAL_NERVOUS_SYSTEM	SNU668_STOMACH	SNU685_ENDOMETRIUM	SNU719_STOMACH	SNU738_CENTRAL_NERVOUS_SYSTEM	SNU761_LIVER	SNU81_LARGE_INTESTINE	SNU840_OVARY	SNU869_BILIARY_TRACT	SNU878_LIVER	SNU886_LIVER	SNU899_UPPER_AERODIGESTIVE_TRACT	SNU8_OVARY	SNUC1_LARGE_INTESTINE	SNUC2A_LARGE_INTESTINE	SNUC4_LARGE_INTESTINE	SNUC5_LARGE_INTESTINE	SQ1_LUNG	SU8686_PANCREAS	SUIT2_PANCREAS	SW1088_CENTRAL_NERVOUS_SYSTEM	SW1116_LARGE_INTESTINE	SW1271_LUNG	SW1353_BONE	SW1417_LARGE_INTESTINE	SW1463_LARGE_INTESTINE	SW1573_LUNG	SW1710_URINARY_TRACT	SW1783_CENTRAL_NERVOUS_SYSTEM	SW1990_PANCREAS	SW403_LARGE_INTESTINE	SW480_LARGE_INTESTINE	SW48_LARGE_INTESTINE	SW579_THYROID	SW620_LARGE_INTESTINE	SW780_URINARY_TRACT	SW837_LARGE_INTESTINE	SW900_LUNG	SW948_LARGE_INTESTINE	T173_BONE	T24_URINARY_TRACT	T3M10_LUNG	T3M4_PANCREAS	T47D_BREAST	T84_LARGE_INTESTINE	T98G_CENTRAL_NERVOUS_SYSTEM	TC71_BONE	TCCPAN2_PANCREAS	TCCSUP_URINARY_TRACT	TE10_OESOPHAGUS	TE11_OESOPHAGUS	TE125T_SOFT_TISSUE	TE14_OESOPHAGUS	TE159T_SOFT_TISSUE	TE15_OESOPHAGUS	TE1_OESOPHAGUS	TE441T_SOFT_TISSUE	TE4_OESOPHAGUS	TE5_OESOPHAGUS	TE617T_SOFT_TISSUE	TE6_OESOPHAGUS	TE8_OESOPHAGUS	TE9_OESOPHAGUS	TEN_ENDOMETRIUM	TGBC11TKB_STOMACH	TM31_CENTRAL_NERVOUS_SYSTEM	TOV112D_OVARY	TOV21G_OVARY	TT2609C02_THYROID	TT_THYROID	TUHR10TKB_KIDNEY	TUHR14TKB_KIDNEY	TUHR4TKB_KIDNEY	TYKNU_OVARY	U118MG_CENTRAL_NERVOUS_SYSTEM	U251MG_CENTRAL_NERVOUS_SYSTEM	U2OS_BONE	U87MG_CENTRAL_NERVOUS_SYSTEM	UACC257_SKIN	UACC62_SKIN	UACC812_BREAST	UACC893_BREAST	UBLC1_URINARY_TRACT	UMUC1_URINARY_TRACT	UMUC3_URINARY_TRACT	UO31_KIDNEY	VCAP_PROSTATE	VMCUB1_URINARY_TRACT	VMRCRCW_KIDNEY	VMRCRCZ_KIDNEY	WM115_SKIN	WM1799_SKIN	WM2664_SKIN	WM793_SKIN	WM88_SKIN	WM983B_SKIN	YAPC_PANCREAS	YD10B_UPPER_AERODIGESTIVE_TRACT	YD38_UPPER_AERODIGESTIVE_TRACT	YD8_UPPER_AERODIGESTIVE_TRACT	YH13_CENTRAL_NERVOUS_SYSTEM	YKG1_CENTRAL_NERVOUS_SYSTEM	ZR751_BREAST	ZR7530_BREAST
K10	7	1	3	7	3	7	9	9	3	9	4	6	9	2	1	3	2	4	0	1	8	0	1	6	0	0	0	0	0	0	0	4	4	4	1	0	9	7	3	6	9	6	5	4	0	0	0	9	9	6	1	5	1	5	6	4	0	9	5	5	1	1	2	5	4	3	1	0	2	2	2	2	2	3	8	5	7	0	3	7	7	7	7	7	9	5	8	8	8	8	8	8	9	6	3	5	2	3	3	5	1	1	0	1	1	3	8	3	8	8	8	9	8	2	5	8	8	0	9	4	4	9	9	9	3	0	1	6	0	1	1	9	9	1	7	3	3	1	1	9	1	1	1	1	2	8	2	1	0	0	5	0	4	6	1	4	4	6	4	4	2	4	9	0	8	0	0	4	6	4	4	6	4	8	9	0	5	6	2	0	5	5	0	9	2	0	9	9	9	9	9	5	6	9	9	9	9	1	3	1	6	6	7	6	6	1	5	5	1	1	1	1	7	1	1	1	1	1	1	1	1	7	1	1	1	1	1	1	1	6	1	1	1	1	1	1	7	1	1	1	1	1	7	7	1	7	0	0	0	1	2	0	0	7	2	2	5	2	9	9	9	5	5	6	7	7	9	2	3	7	9	6	6	6	9	6	6	9	6	9	9	6	2	0	9	9	3	9	9	0	6	6	7	1	2	2	3	1	9	2	5	1	9	6	9	3	1	0	1	5	9	6	4	3	1	3	1	0	9	3	0	0	0	0	0	0	0	0	0	0	0	0	6	5	9	8	1	6	7	4	6	2	1	2	5	2	2	2	9	6	0	6	1	7	5	4	4	1	4	6	4	4	7	6	4	0	4	1	7	7	3	7	9	3	9	1	3	3	6	6	2	4	5	1	4	6	6	3	0	9	8	8	3	3	6	6	3	9	8	4	2	8	4	8	6	4	4	3	8	0	0	0	9	0	9	3	6	9	6	4	6	9	9	5	8	6	8	9	8	1	6	5	9	8	6	1	8	9	8	0	5	8	8	4	8	4	4	4	8	6	8	3	6	6	6	5	4	5	6	6	5	6	9	0	5	4	5	5	3	6	2	8	8	3	3	8	0	6	6	8	3	2	8	8	8	5	8	3	6	3	8	8	5	3	9	1	0	5	2	9	9	9	2	2	0	5	9	0	9	4	6	1	9	9	6	9	3	9	9	9	5	5	5	5	5	5	5	6	5	2	6	5	5	0	0	0	0	0	6	5	9	6	8	9	2	3	1	0	5	5	6	4	6	6	1	1	3	1	9	4	9	0	1	1	0	5	1	1	3	0	0	0	0	0	8	1	1	1	1	6	7	8	3	1	4	2	3	6	1	7	7	7	7	7	7	7	6	1	3	3	3	3	9	6	7	9	2	2	0	0	0	9	9	1	5	5	9	0	9	2	8	1	3	1	5	5	2	0	5	9	1	3	2	6	1	9	7	6	5	1	0	2	9	2	2	2	1	6	1	2	6	9	2	5	5	9	6	0	5	2	4	2	5	5	5	9	1	2	6	1	2	2	6	9	1	6	2	9	2	1	2	0	5	5	2	1	6	5	0	4	2	1	3	9	6	0	0	1	0	1	0	5	3	4	0	3	0	0	0	9	2	1	3	9	1	8	9	9	9	6	1	1	6	1	7	7	4	4	5	0	6	6	8	0	9	9	7	7	7	1	7	7	5	0	0	6	1	1	4	4
K11	7	1	6	7	6	7	10	10	6	10	4	8	10	3	2	6	3	4	0	2	9	0	2	8	0	0	0	0	0	0	0	4	4	4	1	0	10	7	6	8	10	8	0	4	0	0	0	10	10	8	1	5	2	5	8	4	0	10	5	5	1	1	3	5	4	6	2	0	3	3	3	3	3	6	9	5	7	0	6	7	7	7	7	7	10	5	9	9	9	9	9	9	10	8	6	5	3	6	6	5	1	1	0	1	1	6	9	6	9	9	9	10	9	3	5	9	9	0	10	4	4	10	10	10	6	0	2	8	0	1	2	10	10	1	7	6	6	2	1	10	2	1	2	2	3	9	3	1	0	0	5	0	4	8	2	4	4	8	4	0	3	4	10	0	9	0	0	4	8	4	4	8	4	9	10	0	5	8	3	0	5	5	0	10	3	0	10	10	10	10	10	5	8	10	10	10	10	2	6	1	8	8	7	8	8	2	5	5	1	1	1	1	7	1	1	1	1	1	1	1	1	7	1	1	1	1	1	1	2	8	1	1	1	1	1	1	7	1	1	1	1	1	7	7	1	7	0	0	0	2	3	0	0	7	3	3	5	3	10	10	10	5	5	8	7	7	10	3	6	7	10	8	8	8	10	8	8	10	8	10	10	8	3	0	10	10	6	10	10	0	8	8	7	1	3	3	6	1	10	3	5	2	10	8	10	6	2	0	1	5	10	8	4	6	2	6	1	0	10	6	0	0	0	0	0	0	0	0	0	0	0	0	8	5	10	9	2	8	7	4	8	3	2	3	5	3	3	3	8	8	0	8	2	7	5	4	4	1	4	8	4	4	7	8	4	0	4	1	7	7	6	7	10	6	10	1	6	6	8	8	3	4	5	2	4	8	8	6	0	10	9	9	6	6	8	8	6	10	9	4	3	9	4	9	8	4	4	6	9	0	0	0	10	0	10	6	8	10	8	4	8	10	10	5	9	8	9	10	9	1	8	5	10	9	8	2	9	10	9	0	5	9	9	4	9	4	4	4	9	10	9	6	8	8	8	5	4	5	8	8	5	8	10	0	5	4	5	5	6	8	3	9	9	6	6	9	0	8	8	9	6	3	9	9	9	5	9	6	8	6	9	9	5	6	10	2	0	5	3	10	10	10	3	3	0	5	10	0	10	4	8	2	10	10	8	10	6	10	10	10	5	0	5	5	5	5	5	8	10	3	8	5	5	0	0	0	0	0	8	5	10	8	9	10	3	6	2	0	5	5	8	4	8	2	1	2	6	2	10	4	10	0	1	1	0	5	2	2	6	0	0	0	0	0	9	1	1	1	1	8	7	9	6	1	4	3	6	8	1	7	7	7	7	7	7	7	8	2	6	6	6	6	10	8	7	10	3	3	0	0	0	10	10	1	5	5	10	0	10	3	9	2	6	1	5	5	3	0	5	10	2	6	3	8	2	10	7	8	5	1	0	3	10	3	3	3	2	8	1	3	8	10	3	0	5	10	8	0	5	3	4	3	5	5	5	10	1	3	8	1	3	3	8	10	2	8	3	10	3	1	3	0	5	5	3	1	8	5	0	4	3	1	6	10	2	0	0	1	0	1	0	0	6	4	0	6	0	0	0	10	3	1	6	10	2	9	10	10	10	8	1	1	8	1	7	7	4	4	5	0	8	8	9	0	10	10	7	7	7	1	7	7	5	0	0	8	1	1	4	4
K12	7	1	6	7	6	7	10	10	6	10	4	9	10	3	2	6	3	4	0	2	8	0	2	9	0	0	0	0	0	0	0	4	4	4	1	0	11	7	6	9	10	9	0	4	0	0	0	10	10	9	1	5	2	5	9	4	0	11	5	5	1	1	3	5	4	6	2	0	3	3	3	3	3	6	8	5	7	0	6	7	7	7	7	7	11	5	8	8	8	8	8	8	10	9	6	5	3	6	6	5	1	1	0	1	1	6	8	6	8	8	8	10	8	3	5	8	8	0	10	4	4	10	10	10	6	0	2	9	0	1	2	11	10	1	7	6	6	2	1	10	2	1	2	1	3	8	3	1	0	0	5	0	5	9	2	4	4	9	4	0	3	4	11	0	8	0	0	4	9	4	4	9	4	8	10	0	5	9	3	0	5	5	0	11	3	0	11	11	11	10	11	5	9	11	10	11	11	2	6	1	9	9	7	9	9	2	5	5	1	1	1	1	7	1	1	1	1	1	1	1	1	7	1	1	1	1	1	1	2	9	1	1	1	1	1	1	7	1	1	1	1	1	7	7	1	7	0	0	0	2	3	0	0	7	3	3	5	3	11	11	11	5	5	9	7	7	10	3	6	7	11	9	9	9	11	9	9	11	9	11	10	9	3	0	11	11	6	10	11	0	9	9	7	1	3	3	6	1	10	3	5	2	10	9	10	6	2	0	1	5	11	9	4	6	2	6	1	0	10	6	0	0	0	0	0	0	0	0	0	0	0	0	9	5	11	8	2	9	7	4	9	3	2	3	5	3	3	3	11	9	0	9	2	7	5	4	4	1	4	9	4	4	7	9	4	0	4	1	7	7	6	7	11	6	11	1	6	6	9	9	3	4	5	2	4	9	9	6	0	11	8	8	6	6	9	9	6	10	8	4	3	8	4	8	9	4	4	6	8	0	0	0	10	0	10	6	9	5	9	4	9	10	10	5	8	9	8	10	8	1	9	5	10	8	9	2	8	11	8	0	5	8	8	4	8	4	4	4	8	9	8	6	9	9	9	5	4	5	9	9	5	9	10	0	5	4	5	5	6	9	3	8	8	6	6	8	0	9	9	8	6	3	8	8	8	5	8	6	9	6	8	8	5	6	11	2	0	5	3	11	10	10	3	3	0	5	11	0	10	4	9	2	11	11	9	11	6	11	10	10	5	0	5	5	5	5	5	9	5	3	9	5	5	0	0	0	0	0	9	5	10	11	8	10	3	6	2	0	5	5	9	4	9	2	1	2	6	2	11	4	11	0	1	1	0	5	2	2	6	0	0	0	0	0	8	1	1	1	1	9	7	8	6	1	4	3	6	9	1	7	7	7	7	7	7	7	9	2	6	6	6	6	10	9	7	11	3	3	0	0	0	10	10	1	5	5	11	0	10	3	8	2	6	1	5	5	3	0	5	10	2	6	3	9	2	10	7	9	5	1	0	3	11	3	3	3	2	9	1	3	9	11	3	0	5	10	9	0	5	3	4	3	5	5	5	11	1	3	9	1	3	3	9	10	2	9	3	5	3	1	3	0	5	5	3	1	9	5	0	4	3	1	6	11	2	0	0	1	0	1	0	0	6	4	0	6	0	0	0	11	3	1	6	10	9	8	10	10	10	9	1	1	9	1	7	7	4	4	5	0	9	9	8	0	10	10	7	7	7	1	7	7	5	0	0	9	1	1	4	4
K13	10	2	12	10	12	10	8	8	12	8	5	7	8	4	3	12	4	5	1	3	11	0	3	7	0	0	0	0	0	0	0	5	5	5	2	0	9	10	12	7	8	7	1	5	0	0	0	8	8	7	2	1	3	6	7	5	1	9	6	6	2	2	4	6	5	12	3	0	4	4	4	4	4	12	11	6	10	0	12	10	10	10	10	10	9	6	11	11	11	11	11	11	8	7	12	6	4	12	12	6	2	2	0	2	2	12	11	12	11	11	11	9	11	4	6	11	11	0	8	5	5	8	9	8	12	0	3	7	0	2	3	9	8	2	10	12	12	3	2	8	3	2	3	2	4	11	4	2	0	1	6	1	5	7	3	5	5	7	5	1	4	5	9	0	11	0	0	5	7	5	5	7	5	11	9	1	6	7	4	0	6	6	1	6	4	1	8	9	9	8	9	6	7	8	8	9	9	3	12	2	7	7	10	7	7	3	6	6	2	2	2	2	10	2	2	2	2	2	2	2	2	10	2	2	2	2	2	2	3	7	2	2	2	2	2	2	10	2	2	2	2	2	10	10	2	10	0	0	0	3	4	0	0	10	4	4	6	4	9	9	9	6	6	7	10	10	8	4	12	10	9	7	7	7	9	7	7	9	7	9	8	7	4	1	9	9	12	8	9	1	7	7	10	2	4	4	12	2	8	4	6	3	8	7	8	12	3	0	2	1	9	7	5	12	3	12	2	0	8	12	1	0	0	1	0	0	1	0	0	1	0	1	7	6	9	11	3	7	10	5	7	4	3	4	6	4	4	4	7	7	0	7	3	10	6	5	5	3	5	7	5	5	10	7	5	1	5	2	10	10	12	10	9	12	9	2	12	12	7	7	4	5	6	3	5	7	7	12	0	9	11	11	12	12	7	7	12	8	11	5	4	11	5	11	7	1	5	12	11	1	0	1	8	0	9	12	7	6	7	5	7	8	9	6	11	7	11	8	11	2	7	6	8	11	7	3	11	9	11	1	6	11	11	5	11	5	5	5	11	7	11	12	7	7	7	6	5	6	7	7	6	7	8	0	6	5	6	6	12	7	4	11	11	12	12	11	0	7	7	11	12	4	11	11	11	6	11	12	7	12	11	11	6	12	9	3	0	6	4	9	8	8	4	4	0	6	9	1	8	5	7	3	9	9	7	9	12	9	8	8	6	1	6	6	6	6	6	7	6	4	7	1	6	0	0	0	0	1	7	6	8	7	11	8	4	12	3	1	6	6	7	5	7	3	2	3	12	3	6	1	9	0	2	2	0	6	3	3	12	0	0	0	0	0	11	2	2	2	2	7	10	11	12	2	5	4	12	7	3	10	10	10	10	10	10	10	7	3	12	12	12	12	8	7	10	9	4	4	0	0	0	8	8	2	6	6	9	0	8	4	11	3	12	2	6	6	4	0	6	8	3	12	4	7	3	8	10	7	6	2	1	4	9	4	4	4	6	7	2	4	7	9	4	1	6	8	7	0	6	4	5	4	6	6	6	9	2	4	7	2	4	4	7	8	3	7	4	6	4	2	4	0	6	6	4	2	7	6	0	5	4	2	12	6	3	0	0	2	0	2	0	1	12	5	0	12	1	1	0	9	4	2	12	8	3	11	8	8	8	7	2	2	7	2	10	10	5	5	6	0	7	7	11	0	8	8	10	10	10	2	10	10	6	0	0	7	2	2	5	5
K14	8	1	10	8	10	8	13	13	11	13	5	9	13	4	0	10	4	5	3	0	7	2	0	9	2	2	2	2	2	2	2	5	5	5	1	2	12	8	11	9	13	9	3	5	2	2	2	13	13	9	1	3	0	6	9	5	3	12	6	6	1	1	4	6	5	11	9	2	4	4	4	4	4	11	7	6	8	2	11	8	8	8	8	8	13	6	7	7	7	7	7	7	13	9	10	5	4	11	11	6	1	1	2	1	1	10	7	11	7	7	7	13	7	4	6	7	7	2	13	5	5	13	13	13	10	2	0	9	2	1	0	12	13	1	8	10	10	0	1	13	0	1	0	1	4	7	4	1	2	3	6	3	5	9	9	5	5	9	5	12	4	5	13	2	7	2	2	5	9	5	5	9	5	7	13	3	6	9	4	2	6	6	3	12	4	3	13	12	12	13	12	6	9	13	13	12	12	0	11	1	9	9	8	9	9	9	6	6	1	1	1	1	8	1	1	1	1	1	1	1	1	8	1	1	1	1	1	1	0	9	1	1	1	1	1	1	8	1	1	1	1	1	8	8	1	8	2	2	2	0	4	2	2	8	4	4	6	4	12	12	12	6	6	9	8	8	13	4	11	8	12	9	9	9	12	9	9	12	9	12	13	9	4	3	12	12	10	13	13	3	9	9	8	1	4	4	11	1	13	4	6	9	13	13	13	11	0	2	1	6	13	9	5	11	9	11	1	2	13	10	3	2	2	3	2	2	3	2	2	3	2	3	9	6	12	7	0	9	8	5	9	4	0	4	6	4	4	4	9	9	2	9	0	8	6	5	5	1	5	9	5	5	8	9	5	3	5	1	8	8	10	8	12	10	12	1	11	11	9	9	4	5	6	9	5	9	9	11	2	12	7	7	11	11	9	9	11	13	7	5	4	7	5	7	9	5	5	10	7	3	3	3	13	2	13	11	9	12	9	5	9	13	13	6	7	9	7	13	7	1	9	6	13	7	9	0	7	13	7	3	6	7	7	5	7	5	5	5	7	9	7	11	9	9	9	6	5	6	9	9	6	9	13	2	6	5	6	6	11	9	4	7	7	10	11	7	2	9	9	7	10	4	7	7	7	6	7	11	9	10	7	7	6	11	12	0	2	6	4	12	13	13	4	4	2	6	12	3	13	5	9	0	12	12	9	12	10	12	13	13	6	3	6	6	6	6	6	9	12	4	9	6	6	2	2	2	2	3	9	6	13	9	7	13	4	11	9	3	6	6	9	5	9	9	1	9	11	0	12	5	12	2	1	1	2	6	0	9	10	2	2	2	2	2	7	1	1	1	1	9	8	7	11	1	5	4	11	9	0	8	8	8	8	8	8	8	9	9	11	11	11	11	13	9	8	12	4	4	2	2	2	13	13	1	6	6	12	2	13	4	7	9	10	1	6	6	4	2	6	13	9	10	4	9	9	13	8	9	6	1	3	4	12	4	4	4	9	9	1	4	9	12	4	3	6	13	9	2	12	4	5	4	6	6	6	12	1	4	9	1	4	4	9	13	0	9	4	12	4	1	4	2	6	6	4	1	9	6	2	5	4	1	11	12	9	2	2	1	2	1	2	3	11	5	2	10	3	3	2	12	4	1	10	13	9	7	13	13	13	9	1	1	9	1	8	8	5	5	6	2	9	9	7	2	13	13	8	8	8	1	8	8	6	2	2	9	1	1	5	5
K15	6	2	10	6	10	6	9	9	11	9	4	14	9	3	12	10	3	4	1	12	5	0	12	14	0	0	0	0	0	0	0	4	4	4	2	0	8	6	11	14	9	13	1	4	0	0	0	9	9	13	2	1	12	8	13	4	1	8	7	7	2	2	3	7	4	11	12	0	3	3	3	3	3	11	5	7	6	0	11	6	6	6	6	6	9	7	5	5	5	5	5	5	9	14	10	8	3	11	11	7	2	2	0	2	2	10	5	11	5	5	5	9	5	3	7	5	5	0	9	4	4	9	9	9	10	0	12	14	0	2	12	8	9	2	6	10	10	12	2	9	12	2	12	2	3	5	3	2	0	1	7	1	4	13	2	4	4	13	4	1	3	4	9	0	5	0	0	4	13	4	4	14	4	5	9	1	7	14	3	0	7	7	1	8	3	1	9	8	8	9	8	7	13	9	9	8	8	12	11	2	14	13	6	14	14	12	7	7	2	2	2	2	6	2	2	2	2	2	2	2	2	6	2	2	2	2	2	2	12	14	2	2	2	2	2	2	6	2	2	2	2	2	6	6	2	6	0	0	0	12	3	0	0	6	3	3	7	3	8	8	8	7	7	14	6	6	9	3	11	6	8	14	14	14	8	14	14	8	14	8	9	14	3	1	8	8	10	9	9	1	14	14	6	2	3	3	11	2	9	3	7	12	9	14	9	12	12	0	2	7	9	13	4	11	12	11	2	0	9	10	1	0	0	1	0	0	1	0	0	1	0	1	14	7	8	5	12	13	6	4	14	3	12	3	7	3	3	3	8	13	0	14	12	6	7	4	4	2	4	14	4	4	6	13	4	1	4	2	6	6	10	6	8	10	8	2	11	11	13	14	3	4	7	12	4	14	13	11	0	8	5	5	11	11	13	13	11	9	5	4	3	5	4	5	13	4	4	10	5	1	1	1	9	0	9	11	13	8	14	4	14	9	9	7	5	13	5	9	5	2	14	7	9	5	13	12	5	9	5	1	7	5	5	4	5	4	4	4	5	13	5	11	14	14	13	7	4	7	13	14	7	14	9	0	7	4	7	7	11	13	3	5	5	10	11	5	0	14	13	5	10	3	5	5	5	7	5	11	13	10	5	5	7	11	8	12	0	7	3	8	9	9	3	3	0	7	8	1	9	4	14	12	8	8	14	8	10	8	9	9	7	1	7	7	7	7	7	13	8	3	13	7	7	0	0	0	0	1	14	7	9	8	5	9	3	11	12	1	7	7	14	4	14	14	2	12	12	12	8	4	8	0	2	2	0	7	12	12	10	0	0	0	0	0	5	2	2	2	2	13	6	5	11	2	4	3	11	14	2	6	6	6	6	6	6	6	14	12	11	11	11	11	9	13	6	8	3	3	0	0	0	9	9	2	7	7	8	0	9	3	5	12	10	2	7	7	3	0	7	9	12	10	3	14	14	9	6	14	7	2	1	3	8	3	3	3	12	13	2	3	14	8	3	1	7	9	14	0	8	3	4	3	7	7	7	8	2	3	13	2	3	3	13	9	12	14	3	8	3	2	3	0	7	7	3	2	14	7	0	4	3	2	11	8	14	0	0	2	0	2	0	1	11	4	0	10	1	1	0	8	3	2	10	9	14	5	9	9	9	13	2	2	14	2	6	6	4	4	7	0	13	14	5	0	9	9	6	6	6	2	6	6	7	0	0	14	2	2	4	4
K16	6	4	14	6	14	6	10	10	15	10	5	13	10	0	3	14	0	5	2	3	7	1	3	13	1	1	1	1	1	1	1	5	5	5	4	1	11	6	15	13	10	12	2	5	1	1	1	10	10	12	4	2	3	9	12	5	2	11	8	9	4	4	0	9	5	15	4	1	0	0	0	0	0	15	7	8	6	1	15	6	6	6	6	6	11	9	7	7	7	7	7	7	10	13	14	5	0	15	15	9	4	4	1	4	4	14	7	15	7	7	7	11	7	0	9	7	7	1	10	5	5	10	11	10	14	1	3	13	1	4	3	11	10	4	6	14	14	3	4	10	3	4	3	4	0	7	0	4	1	2	9	2	5	12	4	5	5	12	5	2	0	5	11	1	7	1	1	5	12	5	5	13	5	7	11	2	9	13	0	1	9	9	2	11	0	2	10	11	11	10	11	9	12	10	10	11	11	3	15	4	13	12	6	13	13	13	8	8	4	4	4	4	6	4	4	4	4	4	4	4	4	6	4	4	4	4	4	4	3	13	4	4	4	4	4	4	6	4	4	4	4	4	6	6	4	6	1	1	1	3	0	1	1	6	0	0	9	0	11	11	11	9	8	13	6	6	10	0	15	6	11	13	13	13	11	13	13	11	13	11	10	13	0	2	11	11	14	10	11	2	13	13	6	4	0	0	15	4	10	0	8	4	10	10	10	15	3	1	4	8	11	12	5	15	4	15	4	1	10	14	2	1	1	2	1	1	2	1	1	2	1	2	13	8	11	7	3	12	6	5	13	0	3	0	8	0	0	0	11	12	1	13	3	6	9	5	5	4	5	13	5	5	6	12	5	2	5	4	6	6	14	6	11	14	11	4	15	15	12	13	0	5	9	4	5	13	12	15	1	11	7	7	15	15	12	12	15	10	7	5	0	7	5	7	12	5	5	14	7	2	1	2	10	1	11	15	12	11	13	5	13	10	11	9	7	12	7	10	7	4	13	9	10	7	12	3	7	11	7	2	9	7	7	5	7	5	5	5	7	12	7	15	13	13	12	9	5	9	12	13	9	13	10	1	9	5	9	9	15	12	0	7	7	14	15	7	1	13	12	7	14	0	7	7	0	8	7	15	12	14	7	7	8	15	11	3	1	9	0	11	10	10	0	0	1	8	11	2	10	5	13	3	11	11	13	11	14	11	10	10	9	2	9	9	8	9	9	12	8	0	12	9	9	1	1	1	1	2	13	8	10	11	7	10	0	15	4	2	9	9	13	5	13	3	4	4	15	3	11	5	11	1	4	4	1	8	3	13	14	1	1	1	1	1	7	4	4	4	4	12	6	7	15	4	5	0	15	13	3	6	6	6	6	6	6	6	13	4	15	15	15	15	10	12	6	11	0	0	1	1	1	10	10	4	8	9	11	1	10	0	0	13	14	4	9	9	0	1	9	10	3	14	0	13	3	10	6	13	8	4	2	0	11	0	0	0	4	12	4	0	13	11	0	2	8	10	13	1	9	0	5	0	8	9	9	11	4	0	12	4	0	0	12	10	3	13	0	8	0	4	0	1	8	9	0	4	13	9	1	5	0	4	15	11	3	1	1	4	1	4	1	2	15	5	1	14	2	2	1	11	0	4	14	10	3	7	10	10	10	12	4	4	13	4	6	6	5	5	9	1	12	13	7	1	10	10	6	6	6	4	6	6	8	1	1	13	4	4	5	5
K5	3	2	3	3	3	2	4	4	3	4	1	2	4	1	2	3	1	1	1	2	3	0	2	2	0	0	0	0	0	0	0	1	1	1	2	0	4	3	3	2	4	2	0	1	0	0	0	4	4	2	2	0	2	1	2	1	1	4	1	1	2	2	1	1	1	3	3	0	1	1	1	1	1	3	3	1	3	0	3	3	3	3	3	3	4	1	3	3	3	3	3	3	4	2	3	1	1	3	3	1	2	2	0	2	2	3	3	3	3	3	3	4	3	1	1	3	3	0	4	1	1	4	4	4	3	0	2	2	0	2	2	4	4	2	3	3	3	2	2	4	2	2	2	2	1	3	1	2	0	0	1	0	1	2	2	1	1	2	1	1	1	1	4	0	3	0	0	1	2	1	1	2	1	3	4	0	1	2	1	0	1	1	0	4	1	0	4	4	4	4	4	1	2	4	4	4	4	2	3	2	2	2	3	2	2	2	1	1	2	2	2	2	3	2	2	2	2	2	2	2	2	3	2	2	2	2	2	2	2	2	2	2	2	2	2	2	3	2	2	2	2	2	3	3	2	2	0	0	0	2	1	0	0	3	1	1	1	1	4	4	4	1	1	2	3	3	4	1	3	3	4	2	2	2	4	2	2	4	2	4	4	2	1	1	4	4	3	4	4	0	2	2	3	2	1	1	3	2	4	1	1	2	4	4	4	3	2	0	2	1	4	2	1	3	2	3	2	0	4	3	0	0	0	0	0	0	0	0	0	0	0	0	2	1	4	3	2	2	2	1	2	1	2	1	1	1	1	1	4	2	0	2	2	3	1	1	1	2	1	2	1	1	3	2	1	0	1	2	3	3	3	3	4	3	4	2	3	3	4	2	1	1	0	2	1	2	2	3	0	4	3	3	3	3	2	2	3	4	3	1	1	3	1	3	2	1	1	3	3	0	0	0	4	0	4	3	2	4	2	1	2	4	4	1	3	2	3	4	3	2	2	1	4	3	4	2	3	4	3	0	1	3	3	1	3	1	1	1	3	4	3	3	2	2	4	1	1	1	2	2	0	2	4	0	0	1	1	1	3	2	1	3	3	3	3	3	0	2	2	3	3	1	3	3	3	1	3	3	4	3	3	3	1	3	4	2	0	1	1	4	4	4	1	1	0	1	4	1	4	1	2	2	4	4	2	4	3	4	4	4	1	0	1	1	1	1	1	2	1	1	2	0	1	0	0	0	0	0	2	1	4	2	3	4	1	3	2	0	1	0	2	1	2	2	2	2	3	2	4	1	4	0	2	2	0	1	2	2	3	0	0	0	0	0	3	2	2	2	2	2	3	3	3	2	1	1	3	2	2	3	3	3	3	3	3	3	2	2	3	3	3	3	4	4	2	4	1	1	0	0	0	4	4	2	1	1	4	0	4	1	3	2	3	2	1	1	1	0	1	4	2	3	1	2	2	4	2	2	1	2	0	1	4	1	1	1	3	2	2	1	2	4	1	0	1	4	2	0	1	1	1	1	1	1	1	4	2	1	2	2	1	1	2	4	2	2	1	1	1	2	1	0	1	1	1	2	2	1	0	1	1	2	3	4	2	0	0	2	0	2	0	0	3	1	0	3	0	1	0	4	1	2	3	4	2	3	4	4	4	2	2	2	2	2	3	3	1	1	0	0	2	2	3	0	4	4	3	3	3	2	3	3	1	0	0	2	2	2	1	1
K6	5	0	5	5	5	5	3	3	5	3	2	0	3	2	0	5	2	2	1	0	4	1	0	0	1	1	1	1	1	1	1	2	2	2	0	1	3	5	5	0	3	0	1	2	1	1	1	3	3	0	0	1	0	2	0	2	2	3	2	2	0	0	2	2	2	5	5	1	2	2	2	2	2	5	4	2	5	1	5	5	5	5	5	5	3	2	4	4	4	4	4	4	3	0	5	2	2	5	5	2	0	0	1	0	0	5	4	5	4	4	4	3	2	2	2	4	4	1	3	2	2	3	3	3	5	1	0	0	1	0	0	3	3	0	5	5	5	0	0	3	0	0	0	0	2	4	2	0	1	1	2	1	2	0	0	2	2	0	2	2	2	2	3	1	2	1	1	2	0	2	2	0	2	4	3	1	2	0	2	1	2	2	1	3	2	1	3	3	3	3	3	2	0	3	3	3	3	0	5	0	0	0	5	0	0	0	2	2	0	0	0	0	5	0	0	0	0	0	0	0	0	5	0	0	0	0	0	0	0	0	0	0	0	0	0	0	5	0	0	0	0	0	5	5	0	5	1	1	1	0	2	1	1	5	2	2	2	2	3	3	3	2	2	0	5	5	3	2	5	5	3	0	0	0	3	0	0	3	0	3	3	0	2	2	3	3	5	3	3	1	0	0	5	0	2	2	5	0	3	2	2	0	3	3	3	5	0	1	0	1	3	0	2	5	0	5	0	1	3	5	1	1	1	1	1	1	1	1	1	1	1	1	0	2	3	4	0	0	5	2	0	2	0	2	2	2	2	2	0	0	1	0	0	5	2	2	2	0	2	0	2	2	5	0	2	1	2	0	5	5	5	5	3	5	3	0	5	5	0	0	2	2	1	0	2	0	0	5	1	3	4	4	5	5	0	0	5	3	4	2	2	4	2	4	0	2	2	5	4	1	1	1	3	1	3	5	0	3	0	2	0	3	3	2	4	0	4	3	4	0	0	2	3	4	0	0	4	3	4	1	2	4	4	2	4	2	2	2	4	3	4	5	0	0	0	2	2	2	0	0	1	0	3	1	1	2	2	2	5	0	2	4	4	5	5	4	1	0	0	4	5	2	4	4	2	2	4	5	0	5	2	4	2	5	3	0	1	2	2	3	3	3	2	2	1	2	3	1	3	2	0	0	3	3	0	3	5	3	3	3	2	1	2	2	2	2	2	0	2	2	0	1	2	1	1	1	1	1	0	2	3	0	4	3	2	5	5	1	2	1	0	2	0	0	0	0	5	0	3	2	3	1	0	0	1	2	0	0	5	1	1	1	1	1	4	0	0	0	0	0	5	4	5	0	2	2	5	0	0	5	5	5	5	5	5	5	0	0	5	5	5	5	3	0	5	3	2	2	1	1	1	3	3	0	2	2	3	1	3	2	2	0	5	0	1	2	2	1	2	3	0	5	2	0	0	3	5	0	2	0	1	2	3	2	2	2	0	0	0	2	0	3	2	1	2	3	0	1	2	2	2	2	2	2	2	3	0	2	0	0	2	2	0	3	0	0	2	3	2	0	2	1	2	2	2	0	0	2	1	2	2	0	5	3	0	1	1	0	1	0	1	1	5	2	1	5	1	1	1	3	2	0	5	3	0	4	3	3	3	0	0	0	0	0	5	5	2	2	1	1	0	0	4	1	3	3	5	5	5	0	5	5	2	1	1	0	0	0	2	2
K7	4	1	4	4	4	1	2	2	4	2	6	0	2	5	1	4	5	6	3	1	4	3	1	0	3	3	3	3	3	3	3	6	6	6	1	3	2	4	4	0	2	0	3	6	3	3	3	2	2	0	1	3	1	6	0	6	3	2	6	6	1	1	5	6	6	4	1	3	5	5	5	5	5	4	4	6	4	3	4	4	4	4	4	4	2	6	4	4	4	4	4	4	2	0	4	6	5	4	4	6	1	1	3	1	1	4	4	4	4	4	4	2	4	5	6	4	4	3	2	6	6	2	2	2	4	3	1	0	3	1	1	2	2	1	4	4	4	1	1	2	1	1	1	1	5	4	5	1	3	3	6	3	6	0	1	6	6	0	6	6	5	6	2	3	4	3	3	6	0	6	6	0	6	4	2	3	6	0	5	3	6	6	3	2	5	3	2	2	2	2	2	6	0	2	2	2	2	1	4	1	0	0	4	0	0	1	6	6	1	1	1	1	4	1	1	1	1	1	1	1	1	4	1	1	1	1	1	1	1	0	1	1	1	1	1	1	4	1	1	1	1	1	4	4	1	1	3	3	3	1	5	3	3	4	5	5	6	5	2	2	2	6	6	0	4	4	2	5	4	4	2	0	0	0	2	0	0	2	0	2	2	0	5	3	2	2	4	2	2	3	0	0	4	1	5	5	4	1	2	5	6	1	2	2	2	1	1	3	1	3	2	0	6	4	1	4	1	3	2	4	3	3	3	3	3	3	3	3	3	3	3	3	0	6	2	4	1	1	1	6	0	5	1	5	6	5	5	5	0	0	3	0	1	4	6	6	6	1	6	0	6	6	4	0	6	3	6	1	4	4	4	4	2	4	2	1	4	4	0	0	5	6	3	1	6	0	0	4	3	2	4	4	4	4	0	0	4	2	4	6	5	4	6	4	0	6	6	4	4	3	3	3	2	3	2	4	0	2	0	6	0	2	2	6	4	0	4	2	4	1	0	6	2	4	0	1	4	2	4	3	6	4	4	6	4	6	6	6	4	2	4	4	0	0	0	6	6	6	0	0	3	0	2	3	3	6	6	6	4	0	5	4	4	4	4	4	3	0	0	4	4	5	4	4	4	6	4	4	0	4	4	4	6	4	2	1	3	6	5	2	2	2	5	5	3	6	2	3	2	6	0	1	2	2	0	2	4	2	2	2	6	3	6	6	6	6	6	0	6	5	0	3	6	3	3	3	3	3	0	6	2	0	4	2	5	4	1	3	6	3	0	6	0	1	1	1	1	1	2	6	2	3	1	1	3	6	1	1	4	3	3	3	3	3	4	1	1	1	1	0	4	4	4	1	6	5	4	0	1	4	4	4	4	4	4	4	0	1	4	4	4	4	2	0	1	2	5	5	3	3	3	2	2	1	6	6	2	3	2	5	4	1	4	1	6	6	5	3	6	2	1	4	5	0	1	2	4	0	6	1	3	5	2	5	5	5	1	0	1	5	0	2	5	3	6	2	0	3	6	5	6	5	6	6	6	2	1	5	0	1	5	5	0	2	1	0	5	2	5	1	5	3	6	6	5	1	0	6	3	6	5	1	4	2	1	3	3	1	3	1	3	3	4	6	3	4	3	3	3	2	5	1	4	2	0	4	2	2	2	0	1	1	0	1	4	4	6	6	6	3	0	0	4	3	2	2	4	4	4	1	4	4	6	3	3	0	1	1	6	6
K8	5	2	5	5	5	2	0	0	5	0	7	3	0	6	2	5	6	7	1	2	4	1	2	3	1	1	1	1	1	1	1	7	7	7	2	1	0	5	5	3	0	3	7	7	1	1	1	0	0	3	2	7	2	7	3	7	7	0	7	7	2	2	6	7	7	5	2	1	6	6	6	6	6	5	4	7	5	1	5	5	5	5	5	5	0	7	4	4	4	4	4	4	0	3	5	7	6	5	5	7	2	2	1	2	2	5	4	5	4	4	4	0	4	6	7	4	4	1	0	7	7	0	0	0	5	1	2	3	1	2	2	0	0	2	5	5	5	2	2	0	2	2	2	2	6	4	6	2	1	1	7	7	7	3	2	7	7	3	7	7	6	7	0	1	4	1	1	7	3	7	7	3	7	4	0	7	7	3	6	1	7	7	1	0	6	1	0	0	0	0	0	7	3	0	0	0	0	2	5	2	3	3	5	3	3	2	7	7	2	2	2	2	5	2	2	2	2	2	2	2	2	5	2	2	2	2	2	2	2	3	2	2	2	2	2	2	5	2	2	2	2	2	5	5	2	2	1	1	1	2	6	1	1	5	6	6	7	6	0	0	0	7	7	3	5	5	0	6	5	5	0	3	3	3	0	3	3	0	3	0	0	3	6	7	0	0	5	0	0	1	3	3	5	2	6	6	5	2	0	6	7	2	0	3	0	5	2	1	2	7	0	3	7	5	2	5	2	1	0	5	1	1	1	1	1	1	1	1	1	1	1	1	3	7	0	4	2	3	2	7	3	6	2	6	7	6	6	6	3	3	1	3	2	5	7	7	7	2	7	3	7	7	5	3	7	7	7	2	5	5	5	5	0	5	0	2	5	5	3	3	6	7	7	2	7	3	3	5	1	0	4	4	5	5	3	3	5	0	4	7	6	4	7	4	3	7	7	5	4	7	1	1	0	1	0	5	3	0	3	7	3	0	0	7	4	3	4	0	4	2	3	7	0	4	3	2	4	0	4	1	7	4	4	7	4	7	7	7	4	3	4	5	3	3	3	7	7	7	3	3	7	3	0	1	7	7	7	7	5	3	6	4	4	5	5	4	1	3	3	4	5	6	4	4	4	7	4	5	3	5	4	4	7	5	0	2	1	7	6	0	0	0	6	6	1	7	0	1	0	7	3	2	0	0	3	0	5	0	0	0	7	1	7	7	7	7	7	3	0	6	3	7	3	1	1	1	1	1	3	7	0	3	4	0	6	5	2	1	7	7	3	7	3	2	2	2	5	2	0	7	0	1	2	2	1	7	2	2	5	1	1	1	1	1	4	2	2	2	2	3	5	4	5	2	7	6	5	3	2	5	5	5	5	5	5	5	3	2	5	5	5	5	0	3	2	0	6	6	1	1	1	0	0	2	7	7	0	1	0	6	4	2	5	2	7	7	6	1	7	0	2	5	6	3	2	0	2	3	7	2	1	6	0	6	6	6	2	3	2	6	3	0	6	7	7	0	3	1	7	6	7	6	7	7	7	0	2	6	3	2	6	6	3	0	2	3	6	0	6	2	6	1	7	7	6	2	3	7	1	7	6	2	5	0	2	1	1	2	1	2	1	7	5	7	1	5	1	1	1	0	6	2	5	0	2	4	0	0	0	3	2	2	3	2	5	5	7	7	7	1	3	3	4	1	0	0	5	5	5	2	5	5	7	1	1	3	2	2	7	7
K9	3	8	2	3	2	3	1	1	2	1	6	7	1	4	8	2	4	6	6	8	5	0	8	7	0	0	0	0	0	0	0	6	6	6	8	0	1	3	2	7	1	7	6	6	0	0	0	1	1	7	8	6	8	6	7	6	6	1	6	6	8	8	4	6	6	2	8	0	4	4	4	4	4	2	5	6	3	0	2	3	3	3	3	3	1	6	5	5	5	5	5	5	1	7	2	6	4	2	2	6	8	8	0	8	8	2	5	2	5	5	5	1	5	4	6	5	5	0	1	6	6	1	1	1	2	0	8	7	0	8	8	1	1	8	3	2	2	8	8	1	8	8	8	8	4	5	4	8	0	0	6	0	6	7	8	6	6	7	6	6	4	6	1	0	5	0	0	6	7	6	6	7	6	5	1	0	6	7	4	0	6	6	0	1	4	0	1	1	1	1	1	6	7	1	1	1	1	8	2	8	7	7	3	7	7	7	6	6	8	8	8	8	3	8	8	8	8	8	8	8	8	3	8	8	8	8	8	8	8	7	8	8	8	8	8	8	3	8	8	8	8	8	3	3	8	3	0	0	0	8	4	0	0	3	4	4	6	4	1	1	1	6	6	7	3	3	1	4	2	3	1	7	7	7	1	7	7	1	7	1	1	7	4	6	1	1	2	1	1	0	7	7	3	8	4	4	2	8	1	4	6	8	1	1	1	8	8	0	8	6	1	7	6	2	8	2	8	0	1	2	0	0	0	0	0	0	0	0	0	0	0	0	7	6	1	5	8	7	3	6	7	4	8	4	6	4	4	4	7	7	0	7	8	3	6	6	6	8	6	7	6	6	3	7	6	0	6	8	3	3	2	3	1	2	1	8	2	2	7	7	4	6	6	8	6	7	7	2	0	1	5	5	2	2	7	7	2	1	5	6	4	5	6	5	7	6	6	2	5	0	0	0	1	0	1	2	7	1	7	6	7	1	1	6	5	7	5	1	5	8	7	6	1	5	7	8	5	1	5	0	6	5	5	6	5	6	6	6	5	1	5	2	7	7	7	6	6	6	7	7	6	7	1	0	6	6	6	6	2	7	4	5	5	2	2	5	0	7	7	5	2	4	5	5	4	6	5	2	7	2	5	5	6	2	1	8	0	6	4	1	1	1	4	4	0	6	1	6	1	6	7	8	1	1	7	1	2	1	1	1	6	6	6	6	6	6	6	7	1	4	7	6	6	0	0	0	0	0	7	6	1	7	5	1	4	2	8	0	6	6	7	6	7	7	8	8	8	8	1	6	1	0	8	8	0	6	8	8	2	0	0	0	0	0	5	8	8	8	8	7	3	5	2	8	6	4	2	7	8	3	3	3	3	3	3	3	7	8	2	2	2	2	1	7	3	1	4	4	0	0	0	1	1	8	6	6	1	0	1	4	4	8	2	8	6	6	4	0	6	1	8	2	4	7	8	1	3	7	6	8	0	4	1	4	4	4	8	7	8	4	7	1	4	6	6	1	7	0	6	4	6	4	6	6	6	1	8	4	7	8	4	4	7	1	8	7	4	1	4	8	4	0	6	6	4	8	7	6	0	6	4	8	2	1	7	0	0	8	0	8	0	6	2	6	0	2	0	6	0	1	4	8	2	1	8	5	1	1	1	7	8	8	7	8	3	3	6	6	6	0	7	7	5	0	1	1	3	3	3	8	3	3	6	0	0	7	8	8	6	6
